"Team","Scoring Offense_Games","Scoring Offense_Goals","Scoring_Off","Scoring Defense_Games","Scoring Defense_Goals Allowed","Scoring_Def","Face-Off Winning Percentage_Games","Face-Off Winning Percentage_FOs Won","Face-Off Winning Percentage_FOs Lost","Face-Off Winning Percentage_TM FOT","FO_Pct","Man-Up Offense_Games","Man-Up Offense_EMO Goals","ManUp_Att","ManUp_Pct","Man-Down Defense_Games","ManDown_GA","Man-Down Defense_OPP ATT","ManDown_Pct","Win_W","Win_L","Win_Pct","Scoring Margin_Games","Scoring Margin_Goals","Scoring Margin_Goals Allowed","Margin","Assists Per Game_Games","Assists Per Game_Assists","Ast_Per_Game","Saves Per Game_Games","Saves Per Game_Saves","Saves Per Game_Per Game","Points Per Game_Games","Points Per Game_Goals","Points Per Game_Assists","Points Per Game_Points","Points Per Game_Per Game","Ground Balls Per Game_Games","Ground Balls Per Game_Ground Balls","GB_Per_Game","Turnovers Per Game_Games","Turnovers Per Game_TO","TO_Per_Game","Caused Turnovers Per Game_Games","Caused Turnovers Per Game_CT","CTO_Per_Game","Shot Percentage_Games","Shot Percentage_Goals","Shot Percentage_Shots","Shot_Pct","Clearing Percentage_Games","Clearing Percentage_Clears","Clearing Percentage_Att","Clear_Pct","Season","Scraped_Date","Goalie_Saves","Goalie_GA","Goalie_SV_Pct","USILA_Rank","IL_Rank","RPI_Rank","RPI_Value","Conference","Games_Played","SOS","SOS_High","SOS_Low","SOS_Rank","Off_Rating","Def_Rating","Spc_Rating","Power_Rating","Conf_Adj","Pace","Power_Rank","Model_ID","Model_Name","Ratings_Date"
"Air Force",7,61,8.71,7,108,15.43,7,76,111,187,0.406,7,6,17,0.353,7,6,18,0.667,1,6,0.143,7,61,108,-6.71,7,34,4.86,7,67,9.57,7,61,34,95,13.57,7,190,27.14,7,109,15.57,7,58,8.29,7,61,253,0.241,7,112,145,0.772,2026,2026-03-16,59,85,0.4097,NA,NA,33,NA,"SoCon",7,5.447,12.01,-0.55,1,-4.54,-6.57,-9.88,-7.94,-0.6978,12.07,70,"v1","Baseline (40/40/20)","2026-03-16"
"Army West Point",7,88,12.57,7,56,8,7,82,85,167,0.491,7,4,15,0.267,7,4,20,0.8,6,1,0.857,7,88,56,4.57,7,48,6.86,7,92,13.14,7,88,48,136,19.43,7,215,30.71,7,106,15.14,7,69,9.86,7,88,318,0.277,7,150,171,0.877,2026,2026-03-16,85,52,0.6204,8,16,8,NA,"Patriot League",8,1.404,6.41,-7.99,24,0.93,7.82,4.09,4.89,0.2283,10.29,14,"v1","Baseline (40/40/20)","2026-03-16"
"Bellarmine",9,99,11,9,129,14.33,9,95,160,255,0.373,9,13,26,0.5,9,16,32,0.5,4,5,0.444,9,99,129,-3.33,9,56,6.22,9,139,15.44,9,99,56,155,17.22,9,246,27.33,9,178,19.78,9,61,6.78,9,99,289,0.343,9,180,227,0.793,2026,2026-03-16,125,109,0.5342,NA,NA,26,NA,"ASUN",10,2.093,12.01,-6.59,16,2.74,-7.69,-6.27,-2.91,0.1622,12.66,57,"v1","Baseline (40/40/20)","2026-03-16"
"Binghamton",6,47,7.83,6,58,9.67,6,58,68,126,0.46,6,4,19,0.211,6,3,21,0.857,1,5,0.167,6,47,58,-1.83,6,20,3.33,6,87,14.5,6,47,20,67,11.17,6,148,24.67,6,102,17,6,43,7.17,6,47,234,0.201,6,111,130,0.854,2026,2026-03-16,87,58,0.6,NA,NA,60,NA,"America East",7,-0.093,4,-2.9,43,-8.95,3.91,-0.29,-2.31,-0.2068,8.75,52,"v1","Baseline (40/40/20)","2026-03-16"
"Boston U.",6,82,13.67,6,64,10.67,6,87,76,163,0.534,6,10,20,0.5,6,7,20,0.65,4,2,0.667,6,82,64,3,6,53,8.83,6,70,11.67,6,82,53,135,22.5,6,225,37.5,6,100,16.67,6,86,14.33,6,82,275,0.298,6,130,152,0.855,2026,2026-03-16,63,60,0.5122,NA,NA,5,NA,"Patriot League",7,2.231,7.68,-2.77,13,4.97,5.04,3.7,5.19,0.2283,12.17,13,"v1","Baseline (40/40/20)","2026-03-16"
"Brown",5,50,10,5,51,10.2,5,64,51,115,0.557,5,5,13,0.385,5,4,19,0.789,3,2,0.6,5,50,51,-0.2,5,27,5.4,5,72,14.4,5,50,27,77,15.4,5,148,29.6,5,77,15.4,5,36,7.2,5,50,192,0.26,5,89,106,0.84,2026,2026-03-16,68,49,0.5812,NA,NA,25,NA,"Ivy League",6,1.208,8.17,-3.66,27,-2.6,2.35,3.94,1.14,0.1735,10.1,30,"v1","Baseline (40/40/20)","2026-03-16"
"Bryant",5,48,9.6,5,60,12,5,62,64,126,0.492,5,4,20,0.2,5,9,21,0.571,2,3,0.4,5,48,60,-2.4,5,27,5.4,5,63,12.6,5,48,27,75,15,5,156,31.2,5,87,17.4,5,47,9.4,5,48,203,0.236,5,96,115,0.835,2026,2026-03-16,63,54,0.5385,NA,NA,74,NA,"America East",6,-2.757,1.14,-6.81,71,-5.71,-1.37,0.51,-3.13,-0.2068,10.8,58,"v1","Baseline (40/40/20)","2026-03-16"
"Bucknell",7,89,12.71,7,71,10.14,7,103,80,183,0.563,7,7,19,0.368,7,11,22,0.5,5,2,0.714,7,89,71,2.57,7,57,8.14,7,54,7.71,7,89,57,146,20.86,7,231,33,7,104,14.86,7,58,8.29,7,89,301,0.296,7,134,157,0.854,2026,2026-03-16,NA,NA,0.513708955223881,NA,NA,40,NA,"Patriot League",8,-1.951,2.57,-10.59,58,3.39,0.04,3.3,2.46,0.2283,11.43,23,"v1","Baseline (40/40/20)","2026-03-16"
"Canisius",7,61,8.71,7,70,10,7,92,60,152,0.605,7,8,26,0.308,7,9,22,0.591,2,5,0.286,7,61,70,-1.29,7,33,4.71,7,63,9,7,61,33,94,13.43,7,230,32.86,7,159,22.71,7,68,9.71,7,61,234,0.261,7,109,151,0.722,2026,2026-03-16,NA,NA,0.513708955223881,NA,NA,72,NA,"MAAC",8,-4.182,0.75,-10.59,75,-7.33,2.25,1.75,-2.56,-0.4349,9.36,53,"v1","Baseline (40/40/20)","2026-03-16"
"Cleveland St.",6,47,7.83,6,76,12.67,6,61,82,143,0.427,6,8,16,0.5,6,6,18,0.667,2,4,0.333,6,47,76,-4.83,6,26,4.33,6,70,11.67,6,47,26,73,12.17,6,158,26.33,6,112,18.67,6,50,8.33,6,47,203,0.232,6,108,140,0.771,2026,2026-03-16,58,59,0.4957,NA,NA,51,NA,"Horizon League",7,1.482,8.46,-2.91,21,-6.96,-2.14,-6.45,-6.39,-0.698,10.25,66,"v1","Baseline (40/40/20)","2026-03-16"
"Colgate",6,64,10.67,6,84,14,6,78,89,167,0.467,6,12,23,0.522,6,9,20,0.55,1,5,0.167,6,64,84,-3.33,6,29,4.83,6,82,13.67,6,64,29,93,15.5,6,205,34.17,6,129,21.5,6,65,10.83,6,64,233,0.275,6,131,169,0.775,2026,2026-03-16,82,84,0.494,NA,NA,55,NA,"Patriot League",7,2.651,5.78,-0.44,10,-1.7,-3.8,-2.34,-2.09,0.2283,12.34,51,"v1","Baseline (40/40/20)","2026-03-16"
"Cornell",5,57,11.4,5,54,10.8,5,75,53,128,0.586,5,2,8,0.25,5,2,11,0.818,3,2,0.6,5,57,54,0.6,5,39,7.8,5,58,11.6,5,57,39,96,19.2,5,161,32.2,5,92,18.4,5,33,6.6,5,57,193,0.295,5,97,121,0.802,2026,2026-03-16,58,54,0.5179,3,10,16,NA,"Ivy League",6,3.065,7.52,-0.74,7,-2.89,1.29,2.82,0.39,0.1735,11.1,35,"v1","Baseline (40/40/20)","2026-03-16"
"Dartmouth",6,77,12.83,6,66,11,6,88,73,161,0.547,6,7,17,0.412,6,5,13,0.615,4,2,0.667,6,77,66,1.83,6,44,7.33,6,72,12,6,77,44,121,20.17,6,211,35.17,6,129,21.5,6,76,12.67,6,77,236,0.326,6,119,148,0.804,2026,2026-03-16,70,63,0.5263,NA,NA,21,NA,"Ivy League",6,0.807,11.06,-6.81,30,0.48,2.97,2.71,2.33,0.1735,11.91,24,"v1","Baseline (40/40/20)","2026-03-16"
"Delaware",6,43,7.17,6,77,12.83,6,52,89,141,0.369,NA,NA,0,0,6,7,16,0.562,1,5,0.167,6,43,77,-5.67,6,21,3.5,6,69,11.5,6,43,21,64,10.67,6,153,25.5,6,91,15.17,6,44,7.33,6,43,211,0.204,6,92,119,0.773,2026,2026-03-16,57,63,0.475,NA,NA,57,NA,"CAA",7,3.031,11.06,-2.86,8,-10.43,-4.24,-9.52,-8.43,-0.4036,10,73,"v1","Baseline (40/40/20)","2026-03-16"
"Denver",6,66,11,6,38,6.33,6,59,68,127,0.465,6,6,15,0.4,6,2,13,0.846,4,2,0.667,6,66,38,4.67,6,44,7.33,6,80,13.33,6,66,44,110,18.33,6,173,28.83,6,97,16.17,6,44,7.33,6,66,205,0.322,6,132,150,0.88,2026,2026-03-16,76,37,0.6726,17,14,19,NA,"Summit League",7,2.326,11.06,-7.94,12,0.9,9.23,4.37,6.7,0.7203,8.66,8,"v1","Baseline (40/40/20)","2026-03-16"
"Detroit Mercy",6,47,7.83,6,87,14.5,6,73,80,153,0.477,6,8,19,0.421,6,10,24,0.583,1,5,0.167,6,47,87,-6.67,6,24,4,6,85,14.17,6,47,24,71,11.83,6,174,29,6,111,18.5,6,50,8.33,6,47,176,0.267,6,125,146,0.856,2026,2026-03-16,85,87,0.4942,NA,NA,67,NA,"Horizon League",7,-0.071,8.46,-11.37,42,-5.58,-5.97,-1.81,-6.59,-0.698,11.16,68,"v1","Baseline (40/40/20)","2026-03-16"
"Drexel",7,79,11.29,7,62,8.86,7,88,76,164,0.537,7,7,25,0.28,7,4,11,0.636,4,3,0.571,7,79,62,2.43,7,52,7.43,7,72,10.29,7,79,52,131,18.71,7,207,29.57,7,120,17.14,7,39,5.57,7,79,258,0.306,7,132,154,0.857,2026,2026-03-16,72,61,0.5414,NA,NA,44,NA,"CAA",8,-2.447,4,-8.43,67,0.55,1.68,2.22,0.34,-0.4036,10.07,36,"v1","Baseline (40/40/20)","2026-03-16"
"Duke",6,108,18,6,43,7.17,6,104,68,172,0.605,6,8,14,0.571,6,3,18,0.833,6,0,1,6,108,43,10.83,6,63,10.5,6,57,9.5,6,108,63,171,28.5,6,230,38.33,6,103,17.17,6,59,9.83,6,108,311,0.347,6,132,149,0.886,2026,2026-03-16,48,34,0.5854,5,6,4,NA,"ACC",7,0.02,11.06,-7.94,41,10.91,9.49,9.82,12.01,0.8933,12.59,1,"v1","Baseline (40/40/20)","2026-03-16"
"Fairfield",7,81,11.57,7,83,11.86,7,92,93,185,0.497,7,2,18,0.111,7,12,20,0.4,3,4,0.429,7,81,83,-0.29,7,45,6.43,7,59,8.43,7,81,45,126,18,7,183,26.14,7,107,15.29,7,61,8.71,7,81,287,0.282,7,131,148,0.885,2026,2026-03-16,59,81,0.4214,NA,NA,49,NA,"MAAC",8,-1.724,2.33,-11.37,54,-1.2,-3.5,-3.86,-3.66,-0.4349,11.71,60,"v1","Baseline (40/40/20)","2026-03-16"
"Georgetown",5,56,11.2,5,56,11.2,5,62,70,132,0.47,5,1,9,0.111,5,3,6,0.5,2,3,0.4,5,56,56,0,5,43,8.6,5,58,11.6,5,56,43,99,19.8,5,150,30,5,81,16.2,5,44,8.8,5,56,175,0.32,5,96,111,0.865,2026,2026-03-16,58,56,0.5088,11,13,14,NA,"Big East",5,4.996,8.46,-0.74,2,-1.32,-1.29,-1.03,-1.48,-0.1068,11.2,46,"v1","Baseline (40/40/20)","2026-03-16"
"Hampton",6,58,9.67,6,106,17.67,6,57,128,185,0.308,6,6,15,0.4,6,11,20,0.45,0,6,0,6,58,106,-8,6,32,5.33,6,102,17,6,58,32,90,15,6,121,20.17,6,106,17.67,6,27,4.5,6,58,225,0.258,6,108,143,0.755,2026,2026-03-16,90,101,0.4712,NA,NA,77,NA,"CAA",7,-4.292,-0.4,-7.99,76,-4.04,-15.15,-14.08,-11.37,-0.4036,13.67,75,"v1","Baseline (40/40/20)","2026-03-16"
"Harvard",5,76,15.2,5,41,8.2,5,64,71,135,0.474,5,3,8,0.375,5,3,14,0.786,5,0,1,5,76,41,7,5,45,9,5,60,12,5,76,45,121,24.2,5,169,33.8,5,81,16.2,5,37,7.4,5,76,205,0.371,5,100,116,0.862,2026,2026-03-16,59,41,0.59,6,4,11,NA,"Ivy League",6,1.29,7.68,-2.09,26,6.5,5.64,3.1,5.78,0.1735,11.7,11,"v1","Baseline (40/40/20)","2026-03-16"
"High Point",6,54,9,6,84,14,6,84,78,162,0.519,6,6,20,0.3,6,6,13,0.538,1,5,0.167,6,54,84,-5,6,35,5.83,6,59,9.83,6,54,35,89,14.83,6,181,30.17,6,123,20.5,6,30,5,6,54,182,0.297,6,95,125,0.76,2026,2026-03-16,59,84,0.4126,NA,NA,37,NA,"Conference USA",7,3.913,8.46,-5.04,4,-5.23,-7.98,-4.9,-8.34,-0.897,11.5,72,"v1","Baseline (40/40/20)","2026-03-16"
"Hobart",7,66,9.43,7,75,10.71,7,70,91,161,0.435,7,8,23,0.348,7,3,26,0.885,2,5,0.286,7,66,75,-1.29,7,40,5.71,7,81,11.57,7,66,40,106,15.14,7,190,27.14,7,124,17.71,7,64,9.14,7,66,254,0.26,7,121,147,0.823,2026,2026-03-16,75,68,0.5245,NA,NA,62,NA,"Liberty League",7,-0.77,2.46,-2.56,49,-3.33,3.93,-3.7,-0.44,-0.0468,10.07,40,"v1","Baseline (40/40/20)","2026-03-16"
"Hofstra",6,48,8,6,50,8.33,6,45,71,116,0.388,6,3,11,0.273,6,5,8,0.375,2,4,0.333,6,48,50,-0.33,6,22,3.67,6,60,10,6,48,22,70,11.67,6,139,23.17,6,76,12.67,6,34,5.67,6,48,197,0.244,6,88,102,0.863,2026,2026-03-16,60,50,0.5455,NA,NA,63,NA,"CAA",7,-2.2,2.86,-10.59,61,-4.93,-0.26,-5.1,-3.89,-0.4036,8.16,61,"v1","Baseline (40/40/20)","2026-03-16"
"Holy Cross",7,72,10.29,7,74,10.57,7,101,73,174,0.58,7,7,16,0.438,7,5,15,0.667,4,3,0.571,7,72,74,-0.29,7,47,6.71,7,78,11.14,7,72,47,119,17,7,182,26,7,124,17.71,7,65,9.29,7,72,272,0.265,7,118,144,0.819,2026,2026-03-16,78,74,0.5132,NA,NA,38,NA,"Patriot League",8,-0.47,4.89,-6.81,44,-2.55,1.88,0.77,0.51,0.2283,10.43,33,"v1","Baseline (40/40/20)","2026-03-16"
"Iona",9,61,6.78,9,152,16.89,9,76,168,244,0.311,9,7,30,0.233,9,11,30,0.633,0,9,0,9,61,152,-10.11,9,36,4,9,137,15.22,9,61,36,97,10.78,9,228,25.33,9,175,19.44,9,64,7.11,9,61,266,0.229,9,156,197,0.792,2026,2026-03-16,NA,NA,0.513708955223881,NA,NA,61,NA,"MAAC",10,1.408,11.06,-4.82,23,-9.35,-10.09,-9.94,-10.59,-0.4349,11.84,74,"v1","Baseline (40/40/20)","2026-03-16"
"Jacksonville",7,95,13.57,7,61,8.71,7,96,84,180,0.533,7,8,24,0.333,7,6,18,0.667,3,4,0.429,7,95,61,4.86,7,57,8.14,7,70,10,7,95,57,152,21.71,7,251,35.86,7,109,15.57,7,77,11,7,95,287,0.331,7,135,153,0.882,2026,2026-03-16,68,58,0.5397,NA,NA,32,NA,"ASUN",8,1.469,12.01,-8.34,22,5.78,6.03,4.69,5.93,0.1622,11.14,10,"v1","Baseline (40/40/20)","2026-03-16"
"Johns Hopkins",6,74,12.33,6,62,10.33,6,75,82,157,0.478,6,10,19,0.526,6,4,16,0.75,4,2,0.667,6,74,62,2,6,51,8.5,6,65,10.83,6,74,51,125,20.83,6,187,31.17,6,81,13.5,6,54,9,6,74,269,0.275,6,104,115,0.904,2026,2026-03-16,36,39,0.48,16,12,7,NA,"Big Ten",7,3.12,8.17,-2.08,6,4.44,2.96,-0.43,3.94,0.4669,11.33,17,"v1","Baseline (40/40/20)","2026-03-16"
"LIU",6,72,12,6,59,9.83,6,80,68,148,0.541,6,12,22,0.545,6,6,12,0.5,5,1,0.833,6,72,59,2.17,6,39,6.5,6,64,10.67,6,72,39,111,18.5,6,127,21.17,6,84,14,6,41,6.83,6,72,249,0.289,6,107,114,0.939,2026,2026-03-16,48,44,0.5217,NA,NA,28,NA,"NEC",7,-2.373,2.86,-10.59,65,5.17,-0.48,0.79,1.69,-0.0882,10.91,25,"v1","Baseline (40/40/20)","2026-03-16"
"Lafayette",7,89,12.71,7,63,9,7,105,73,178,0.59,7,5,20,0.25,7,7,23,0.696,5,2,0.714,7,89,63,3.71,7,50,7.14,7,64,9.14,7,89,50,139,19.86,7,237,33.86,7,123,17.57,7,66,9.43,7,89,283,0.314,7,118,142,0.831,2026,2026-03-16,57,48,0.5429,NA,NA,48,NA,"Patriot League",8,-1.783,4.89,-7.94,55,1.4,4.8,5.05,4,0.2283,10.86,16,"v1","Baseline (40/40/20)","2026-03-16"
"Lehigh",6,74,12.33,6,76,12.67,6,83,85,168,0.494,6,12,23,0.522,6,9,24,0.625,2,4,0.333,6,74,76,-0.33,6,45,7.5,6,70,11.67,6,74,45,119,19.83,6,191,31.83,6,111,18.5,6,54,9,6,74,222,0.333,6,101,121,0.835,2026,2026-03-16,68,74,0.4789,NA,NA,34,NA,"Patriot League",7,0.634,7.52,-10.59,34,4.37,-2.13,-1.26,1.09,0.2283,12.5,31,"v1","Baseline (40/40/20)","2026-03-16"
"Loyola Maryland",6,74,12.33,6,73,12.17,6,79,87,166,0.476,6,6,14,0.429,6,7,15,0.533,4,2,0.667,6,74,73,0.17,6,48,8,6,83,13.83,6,74,48,122,20.33,6,194,32.33,6,86,14.33,6,47,7.83,6,74,233,0.318,6,111,139,0.799,2026,2026-03-16,83,71,0.539,NA,NA,47,NA,"Patriot League",7,0.226,3.94,-3.46,39,3.58,-3.15,-0.52,0.5,0.2283,12.25,34,"v1","Baseline (40/40/20)","2026-03-16"
"Manhattan",6,54,9,6,75,12.5,6,60,84,144,0.417,6,3,13,0.231,6,4,17,0.765,2,4,0.333,6,54,75,-3.5,6,23,3.83,6,68,11.33,6,54,23,77,12.83,6,173,28.83,6,105,17.5,6,33,5.5,6,54,195,0.277,6,104,119,0.874,2026,2026-03-16,NA,NA,0.513708955223881,NA,NA,68,NA,"MAAC",7,-2.365,2.46,-10.59,64,-5.51,-2.77,-2.99,-4.82,-0.4349,10.75,63,"v1","Baseline (40/40/20)","2026-03-16"
"Marist",5,56,11.2,5,54,10.8,5,60,64,124,0.484,5,5,15,0.333,5,1,8,0.875,3,2,0.6,5,56,54,0.4,5,33,6.6,5,60,12,5,56,33,89,17.8,5,127,25.4,5,72,14.4,5,39,7.8,5,56,235,0.238,5,86,101,0.851,2026,2026-03-16,51,41,0.5543,NA,NA,52,NA,"MAAC",6,-5.718,-2.31,-7.99,77,-1.28,2.75,-0.81,-0.55,-0.4349,11,42,"v1","Baseline (40/40/20)","2026-03-16"
"Marquette",7,80,11.43,7,88,12.57,7,96,96,192,0.5,7,4,19,0.211,7,7,20,0.65,3,4,0.429,7,80,88,-1.14,7,41,5.86,7,76,10.86,7,80,41,121,17.29,7,198,28.29,7,94,13.43,7,46,6.57,7,80,276,0.29,7,141,155,0.91,2026,2026-03-16,69,85,0.4481,NA,NA,30,NA,"Big East",7,1.003,11.06,-7.99,28,1.04,-3.39,-1.54,-1.55,-0.1068,12,47,"v1","Baseline (40/40/20)","2026-03-16"
"Maryland",5,61,12.2,5,53,10.6,5,82,49,131,0.626,5,2,8,0.25,5,1,9,0.889,2,3,0.4,5,61,53,1.6,5,34,6.8,5,52,10.4,5,61,34,95,19,5,141,28.2,5,74,14.8,5,31,6.2,5,61,181,0.337,5,89,98,0.908,2026,2026-03-16,50,51,0.495,11,11,18,NA,"Big Ten",6,2.707,8.13,-8.43,9,1.9,2.1,4.62,3.57,0.4669,11.4,18,"v1","Baseline (40/40/20)","2026-03-16"
"Massachusetts",8,109,13.62,8,72,9,8,71,135,206,0.345,8,10,22,0.455,8,9,27,0.667,7,1,0.875,8,109,72,4.62,8,64,8,8,113,14.12,8,109,64,173,21.62,8,189,23.62,8,99,12.38,8,70,8.75,8,109,299,0.365,8,161,181,0.89,2026,2026-03-16,109,70,0.6089,NA,NA,31,NA,"MAC",9,-2.252,4.89,-8.34,62,10.04,4.01,-3.73,6.41,0.689,11.31,9,"v1","Baseline (40/40/20)","2026-03-16"
"Mercer",7,78,11.14,7,100,14.29,7,102,101,203,0.502,7,2,15,0.133,7,5,8,0.375,3,4,0.429,7,78,100,-3.14,7,33,4.71,7,79,11.29,7,78,33,111,15.86,7,215,30.71,7,128,18.29,7,49,7,7,78,303,0.257,7,130,155,0.839,2026,2026-03-16,67,90,0.4268,NA,NA,43,NA,"Southern",8,-1.077,7.52,-11.37,52,-4.53,-8.84,-3.03,-7.99,-0.8591,12.71,71,"v1","Baseline (40/40/20)","2026-03-16"
"Merrimack",7,63,9,7,100,14.29,7,96,90,186,0.516,7,7,20,0.35,7,9,20,0.55,1,6,0.143,7,63,100,-5.29,7,38,5.43,7,88,12.57,7,63,38,101,14.43,7,179,25.57,7,136,19.43,7,43,6.14,7,63,234,0.269,7,107,148,0.723,2026,2026-03-16,NA,NA,0.513708955223881,NA,NA,53,NA,"MAAC",8,2.155,11.06,-3.13,14,-5.1,-7.52,-3.92,-6.81,-0.4349,11.64,69,"v1","Baseline (40/40/20)","2026-03-16"
"Michigan",7,89,12.71,7,75,10.71,7,103,87,190,0.542,7,8,19,0.421,7,7,22,0.682,3,4,0.429,7,89,75,2,7,57,8.14,7,70,10,7,89,57,146,20.86,7,200,28.57,7,114,16.29,7,55,7.86,7,89,282,0.316,7,123,138,0.891,2026,2026-03-16,67,72,0.482,NA,NA,39,NA,"Big Ten",8,2.636,8.13,-6.59,11,3.7,0.82,0.82,3.02,0.4669,11.71,19,"v1","Baseline (40/40/20)","2026-03-16"
"Monmouth",6,65,10.83,6,48,8,6,82,50,132,0.621,6,2,11,0.182,6,5,17,0.706,3,3,0.5,6,65,48,2.83,6,35,5.83,6,62,10.33,6,65,35,100,16.67,6,155,25.83,6,81,13.5,6,40,6.67,6,65,243,0.267,6,109,129,0.845,2026,2026-03-16,58,40,0.5918,NA,NA,58,NA,"CAA",7,-2.399,1.69,-6.49,66,-1.55,4.58,5.52,1.36,-0.4036,9.41,28,"v1","Baseline (40/40/20)","2026-03-16"
"Mount St. Mary's",6,48,8,6,80,13.33,6,61,85,146,0.418,6,4,17,0.235,6,11,20,0.45,1,5,0.167,6,48,80,-5.33,6,32,5.33,6,75,12.5,6,48,32,80,13.33,6,150,25,6,77,12.83,6,37,6.17,6,48,177,0.271,6,101,122,0.828,2026,2026-03-16,75,80,0.4839,NA,NA,59,NA,"MAAC",7,0.83,4,-3.46,29,-3.58,-7.06,-6.31,-6.49,-0.4349,10.66,67,"v1","Baseline (40/40/20)","2026-03-16"
"NJIT",7,95,13.57,7,88,12.57,7,116,88,204,0.569,7,5,16,0.312,7,7,17,0.588,3,4,0.429,7,95,88,1,7,56,8,7,100,14.29,7,95,56,151,21.57,7,220,31.43,7,124,17.71,7,57,8.14,7,95,318,0.299,7,147,174,0.845,2026,2026-03-16,100,88,0.5319,NA,NA,56,NA,"America East",8,0.368,6.41,-11.37,37,1.84,-2.97,3.42,-0.4,-0.2068,13.07,39,"v1","Baseline (40/40/20)","2026-03-16"
"Navy",7,92,13.14,7,78,11.14,7,110,85,195,0.564,7,8,21,0.381,7,6,18,0.667,5,2,0.714,7,92,78,2,7,52,7.43,7,65,9.29,7,92,52,144,20.57,7,237,33.86,7,117,16.71,7,57,8.14,7,92,300,0.307,7,135,150,0.9,2026,2026-03-16,56,64,0.4667,NA,NA,22,NA,"Patriot League",8,0.695,5.93,-10.59,32,3.65,0.17,3.07,2.57,0.2283,12.14,22,"v1","Baseline (40/40/20)","2026-03-16"
"North Carolina",7,110,15.71,7,62,8.86,7,129,68,197,0.655,7,11,24,0.458,7,8,22,0.636,6,1,0.857,7,110,62,6.86,7,57,8.14,7,64,9.14,7,110,57,167,23.86,7,275,39.29,7,98,14,7,43,6.14,7,110,371,0.296,7,134,152,0.882,2026,2026-03-16,51,55,0.4811,2,5,9,NA,"ACC",8,0.09,5.93,-10.59,40,9.6,2.08,8.3,8.17,0.8933,12.29,4,"v1","Baseline (40/40/20)","2026-03-16"
"Notre Dame",5,80,16,5,46,9.2,5,78,66,144,0.542,5,6,10,0.6,5,7,12,0.417,5,0,1,5,80,46,6.8,5,48,9.6,5,49,9.8,5,80,48,128,25.6,5,164,32.8,5,66,13.2,5,52,10.4,5,80,206,0.388,5,101,111,0.91,2026,2026-03-16,45,40,0.5294,1,1,3,NA,"ACC",6,1.518,8.46,-2.91,20,11.43,2.1,4.3,8.13,0.8933,12.6,5,"v1","Baseline (40/40/20)","2026-03-16"
"Ohio St.",8,98,12.25,8,52,6.5,8,112,69,181,0.619,8,12,22,0.545,8,4,15,0.733,7,1,0.875,8,98,52,5.75,8,56,7,8,75,9.38,8,98,56,154,19.25,8,281,35.12,8,130,16.25,8,75,9.38,8,98,328,0.299,8,176,192,0.917,2026,2026-03-16,69,48,0.5897,9,7,15,NA,"Big Ten",8,-2.352,8.13,-8.34,63,4.44,9.15,10.13,8.46,0.4669,9.38,3,"v1","Baseline (40/40/20)","2026-03-16"
"Penn",6,65,10.83,6,54,9,6,83,55,138,0.601,6,5,11,0.455,6,8,23,0.652,3,3,0.5,6,65,54,1.83,6,34,5.67,6,70,11.67,6,65,34,99,16.5,6,163,27.17,6,95,15.83,6,36,6,6,65,239,0.272,6,104,119,0.874,2026,2026-03-16,70,54,0.5645,19,19,29,NA,"Ivy League",7,1.566,8.17,-8.43,19,-1.39,1.93,4.96,1.61,0.1735,9.91,26,"v1","Baseline (40/40/20)","2026-03-16"
"Penn St.",6,91,15.17,6,61,10.17,6,110,63,173,0.636,6,5,8,0.625,6,7,10,0.3,4,2,0.667,6,91,61,5,6,58,9.67,6,51,8.5,6,91,58,149,24.83,6,233,38.83,6,115,19.17,6,63,10.5,6,91,236,0.386,6,121,147,0.823,2026,2026-03-16,44,50,0.4681,15,9,17,NA,"Big Ten",7,1.296,8.17,-2.77,25,6.1,-0.65,5.64,4.21,0.4669,12.67,15,"v1","Baseline (40/40/20)","2026-03-16"
"Princeton",5,62,12.4,5,50,10,5,66,65,131,0.504,5,1,6,0.167,5,4,10,0.6,4,1,0.8,5,62,50,2.4,5,40,8,5,69,13.8,5,62,40,102,20.4,5,157,31.4,5,68,13.6,5,47,9.4,5,62,191,0.325,5,100,112,0.893,2026,2026-03-16,68,47,0.5913,10,3,1,NA,"Ivy League",6,3.953,8.17,-2.77,3,1.99,2.13,4.17,2.82,0.1735,11.2,21,"v1","Baseline (40/40/20)","2026-03-16"
"Providence",7,74,10.57,7,71,10.14,7,81,87,168,0.482,7,7,30,0.233,7,6,13,0.538,3,4,0.429,7,74,71,0.43,7,49,7,7,90,12.86,7,74,49,123,17.57,7,175,25,7,118,16.86,7,54,7.71,7,74,273,0.271,7,126,148,0.851,2026,2026-03-16,87,68,0.5613,NA,NA,42,NA,"Big East",8,0.792,12.01,-6.81,31,-1.46,0.06,-0.77,-0.93,-0.1068,10.36,45,"v1","Baseline (40/40/20)","2026-03-16"
"Queens (NC)",7,72,10.29,7,73,10.43,7,73,99,172,0.424,7,8,19,0.421,7,6,35,0.829,3,4,0.429,7,72,73,-0.14,7,43,6.14,7,69,9.86,7,72,43,115,16.43,7,186,26.57,7,105,15,7,50,7.14,7,72,224,0.321,7,125,145,0.862,2026,2026-03-16,NA,NA,0.513708955223881,NA,NA,65,NA,"Atlantic Sun",7,-2.702,1.69,-6.49,70,1.66,2.37,-3.76,1.23,0.1318,10.36,29,"v1","Baseline (40/40/20)","2026-03-16"
"Quinnipiac",6,57,9.5,6,95,15.83,6,66,107,173,0.382,6,8,14,0.571,6,10,21,0.524,1,5,0.167,6,57,95,-6.33,6,27,4.5,6,64,10.67,6,57,27,84,14,6,153,25.5,6,92,15.33,6,62,10.33,6,57,204,0.279,6,100,115,0.87,2026,2026-03-16,55,89,0.3819,NA,NA,75,NA,"MAAC",7,-0.854,6.41,-3.13,50,-1.07,-7.35,-10,-6.34,-0.4349,12.66,65,"v1","Baseline (40/40/20)","2026-03-16"
"Richmond",6,88,14.67,6,48,8,6,80,78,158,0.506,6,5,12,0.417,6,2,11,0.818,6,0,1,6,88,48,6.67,6,45,7.5,6,66,11,6,88,45,133,22.17,6,202,33.67,6,73,12.17,6,61,10.17,6,88,275,0.32,6,123,135,0.911,2026,2026-03-16,66,47,0.5841,4,2,6,NA,"Atlantic 10",7,-1.851,5.54,-8.43,57,7.46,8.24,5.16,7.52,0.1423,11.34,7,"v1","Baseline (40/40/20)","2026-03-16"
"Robert Morris",8,77,9.62,8,93,11.62,8,90,107,197,0.457,8,9,24,0.375,8,14,30,0.533,5,3,0.625,8,77,93,-2,8,46,5.75,8,102,12.75,8,77,46,123,15.38,8,266,33.25,8,147,18.38,8,62,7.75,8,77,265,0.291,8,160,192,0.833,2026,2026-03-16,89,84,0.5145,NA,NA,24,NA,"NEC",9,-0.686,7.52,-8.34,48,-1.91,-2.33,-0.97,-2.08,-0.0882,10.62,50,"v1","Baseline (40/40/20)","2026-03-16"
"Rutgers",8,94,11.75,8,76,9.5,8,99,98,197,0.503,8,3,9,0.333,8,2,13,0.846,6,2,0.75,8,94,76,2.25,8,52,6.5,8,91,11.38,8,94,52,146,18.25,8,241,30.12,8,136,17,8,71,8.88,8,94,342,0.275,8,160,183,0.874,2026,2026-03-16,83,72,0.5355,14,17,12,NA,"Big Ten",9,0.44,5.93,-3.89,36,-1.82,5.25,1.35,2.86,0.4669,10.62,20,"v1","Baseline (40/40/20)","2026-03-16"
"Sacred Heart",6,84,14,6,66,11,6,94,71,165,0.57,6,5,17,0.294,6,2,11,0.818,6,0,1,6,84,66,3,6,49,8.17,6,78,13,6,84,49,133,22.17,6,182,30.33,6,94,15.67,6,36,6,6,84,271,0.31,6,122,137,0.891,2026,2026-03-16,78,66,0.5417,NA,NA,20,NA,"MAAC",7,-2.944,0.51,-6.81,73,4.06,0.55,4.49,1.54,-0.4349,12.5,27,"v1","Baseline (40/40/20)","2026-03-16"
"Saint Joseph's",5,41,8.2,5,59,11.8,5,53,64,117,0.453,5,1,15,0.067,5,8,18,0.556,3,2,0.6,5,41,59,-3.6,5,22,4.4,5,46,9.2,5,41,22,63,12.6,5,134,26.8,5,75,15,5,42,8.4,5,41,182,0.225,5,88,101,0.871,2026,2026-03-16,45,57,0.4412,NA,NA,10,NA,"Atlantic 10",6,3.37,12.01,-0.54,5,-7.79,-1.92,-4.9,-4.3,0.1423,10,62,"v1","Baseline (40/40/20)","2026-03-16"
"Siena",7,91,13,7,78,11.14,7,102,87,189,0.54,7,11,25,0.44,7,10,19,0.474,5,2,0.714,7,91,78,1.86,7,51,7.29,7,78,11.14,7,91,51,142,20.29,7,242,34.57,7,141,20.14,7,66,9.43,7,91,288,0.316,7,146,185,0.789,2026,2026-03-16,76,78,0.4935,NA,NA,45,NA,"MAAC",7,-2.16,5.19,-7.94,60,3.08,-1.04,0.78,-0.17,-0.4349,12.07,38,"v1","Baseline (40/40/20)","2026-03-16"
"St. Bonaventure",8,78,9.75,8,83,10.38,8,109,81,190,0.574,8,7,26,0.269,8,2,14,0.857,4,4,0.5,8,78,83,-0.62,8,39,4.88,8,83,10.38,8,78,39,117,14.62,8,254,31.75,8,147,18.38,8,76,9.5,8,78,335,0.233,8,157,191,0.822,2026,2026-03-16,80,79,0.5031,NA,NA,54,NA,"Atlantic 10",9,-2.584,2.46,-6.39,68,-4.82,4.4,2.19,0.75,0.1423,10.07,32,"v1","Baseline (40/40/20)","2026-03-16"
"St. John's (NY)",7,70,10,7,86,12.29,7,81,100,181,0.448,7,7,19,0.368,7,3,16,0.812,2,5,0.286,7,70,86,-2.29,7,34,4.86,7,86,12.29,7,70,34,104,14.86,7,205,29.29,7,133,19,7,56,8,7,70,255,0.275,7,133,167,0.796,2026,2026-03-16,82,84,0.494,NA,NA,71,NA,"BIG EAST",8,-2.915,4,-8.43,72,-3.36,-0.18,-4.17,-2.86,-0.3076,11.14,55,"v1","Baseline (40/40/20)","2026-03-16"
"Stony Brook",6,61,10.17,6,67,11.17,6,68,79,147,0.463,6,3,16,0.188,6,1,12,0.917,3,3,0.5,6,61,67,-1,6,29,4.83,6,68,11.33,6,61,29,90,15,6,160,26.67,6,87,14.5,6,34,5.67,6,61,247,0.247,6,115,133,0.865,2026,2026-03-16,68,65,0.5113,NA,NA,46,NA,"America East",7,-1.667,5.54,-10.59,53,-3.25,1.13,-2.31,-1.69,-0.2068,10.67,48,"v1","Baseline (40/40/20)","2026-03-16"
"Syracuse",8,101,12.62,8,68,8.5,8,108,88,196,0.551,8,12,26,0.462,8,6,24,0.75,6,2,0.75,8,101,68,4.12,8,59,7.38,8,98,12.25,8,101,59,160,20,8,244,30.5,8,105,13.12,8,58,7.25,8,101,325,0.311,8,147,171,0.86,2026,2026-03-16,95,68,0.5828,7,8,2,NA,"ACC",9,1.93,6.7,-7.94,18,7.31,4.67,4.54,7.68,0.8933,10.56,6,"v1","Baseline (40/40/20)","2026-03-16"
"Towson",6,74,12.33,6,69,11.5,6,92,75,167,0.551,6,7,18,0.389,6,6,18,0.667,3,3,0.5,6,74,69,0.83,6,38,6.33,6,74,12.33,6,74,38,112,18.67,6,220,36.67,6,109,18.17,6,44,7.33,6,74,248,0.298,6,105,134,0.784,2026,2026-03-16,74,69,0.5175,NA,20,27,NA,"CAA",7,0.681,5.54,-4.3,33,0.92,-0.97,2.59,-0.54,-0.4036,11.91,41,"v1","Baseline (40/40/20)","2026-03-16"
"UAlbany",6,68,11.33,6,76,12.67,6,78,84,162,0.481,6,7,12,0.583,6,3,10,0.7,2,4,0.333,6,68,76,-1.33,6,39,6.5,6,48,8,6,68,39,107,17.83,6,187,31.17,6,88,14.67,6,58,9.67,6,68,224,0.304,6,116,131,0.885,2026,2026-03-16,48,73,0.3967,NA,NA,50,NA,"America East",7,0.529,6.41,-3.13,35,2.07,-0.85,-3.62,-0.74,-0.2068,12,43,"v1","Baseline (40/40/20)","2026-03-16"
"UMBC",5,33,6.6,5,45,9,5,47,47,94,0.5,5,2,7,0.286,5,5,14,0.643,1,4,0.2,5,33,45,-2.4,5,23,4.6,5,36,7.2,5,33,23,56,11.2,5,103,20.6,5,59,11.8,5,30,6,5,33,156,0.212,5,72,79,0.911,2026,2026-03-16,36,45,0.4444,NA,NA,70,NA,"America East",6,-1.808,0.5,-6.49,56,-7.78,1.83,-4.2,-3.46,-0.2068,7.8,59,"v1","Baseline (40/40/20)","2026-03-16"
"UMass Lowell",5,55,11,5,61,12.2,5,91,42,133,0.684,5,3,15,0.2,5,4,6,0.333,2,3,0.4,5,55,61,-1.2,5,28,5.6,5,58,11.6,5,55,28,83,16.6,5,146,29.2,5,82,16.4,5,25,5,5,55,195,0.282,5,80,88,0.909,2026,2026-03-16,NA,NA,0.513708955223881,NA,NA,73,NA,"America East",6,-0.616,6.41,-6.34,47,-2.13,-7.35,7.75,-2.9,-0.2068,11.6,56,"v1","Baseline (40/40/20)","2026-03-16"
"Utah",7,112,16,7,60,8.57,7,116,80,196,0.592,7,7,15,0.467,7,6,26,0.769,5,2,0.714,7,112,60,7.43,7,67,9.57,7,71,10.14,7,112,67,179,25.57,7,279,39.86,7,118,16.86,7,91,13,7,112,319,0.351,7,145,159,0.912,2026,2026-03-16,56,54,0.5091,NA,NA,23,NA,"Big 12",7,-0.906,12.01,-10.59,51,8.27,8.76,7.83,11.06,1.189,12.29,2,"v1","Baseline (40/40/20)","2026-03-16"
"VMI",6,72,12,6,87,14.5,6,106,76,182,0.582,6,3,13,0.231,6,10,21,0.524,3,3,0.5,6,72,87,-2.5,6,35,5.83,6,68,11.33,6,72,35,107,17.83,6,182,30.33,6,100,16.67,6,40,6.67,6,72,229,0.314,6,105,135,0.778,2026,2026-03-16,68,85,0.4444,NA,NA,64,NA,"SoCon",7,-3.757,2.57,-11.37,74,0.12,-7.77,-1.02,-5.04,-0.6978,13.25,64,"v1","Baseline (40/40/20)","2026-03-16"
"Vermont",5,54,10.8,5,59,11.8,5,80,50,130,0.615,5,7,14,0.5,5,8,15,0.467,2,3,0.4,5,54,59,-1,5,34,6.8,5,43,8.6,5,54,34,88,17.6,5,163,32.6,5,91,18.2,5,47,9.4,5,54,177,0.305,5,95,112,0.848,2026,2026-03-16,NA,NA,0.513708955223881,NA,NA,41,NA,"America East",6,2.03,12.01,-6.34,17,-0.76,-2.19,4.94,-0.77,-0.2068,11.3,44,"v1","Baseline (40/40/20)","2026-03-16"
"Villanova",6,59,9.83,6,59,9.83,6,63,75,138,0.457,6,5,17,0.294,6,3,12,0.75,3,3,0.5,6,59,59,0,6,33,5.5,6,55,9.17,6,59,33,92,15.33,6,176,29.33,6,95,15.83,6,61,10.17,6,59,225,0.262,6,123,143,0.86,2026,2026-03-16,55,59,0.4825,NA,NA,36,NA,"Big East",7,-0.607,4.21,-8.43,46,-3.01,4.58,-2.75,-0.02,-0.1068,9.83,37,"v1","Baseline (40/40/20)","2026-03-16"
"Virginia",6,86,14.33,6,73,12.17,6,96,83,179,0.536,6,8,18,0.444,6,7,22,0.682,3,3,0.5,6,86,73,2.17,6,64,10.67,6,57,9.5,6,86,64,150,25,6,236,39.33,6,97,16.17,6,70,11.67,6,86,262,0.328,6,115,134,0.858,2026,2026-03-16,39,44,0.4699,13,NA,35,NA,"ACC",7,0.339,7.52,-8.34,38,6.24,1.14,3.01,5.54,0.8933,13.25,12,"v1","Baseline (40/40/20)","2026-03-16"
"Wagner",6,57,9.5,6,73,12.17,6,54,95,149,0.362,6,7,17,0.412,6,1,5,0.8,2,4,0.333,6,57,73,-2.67,6,27,4.5,6,80,13.33,6,57,27,84,14,6,150,25,6,91,15.17,6,55,9.17,6,57,210,0.271,6,109,135,0.807,2026,2026-03-16,68,66,0.5075,NA,NA,66,NA,"NEC",7,-2.129,1.69,-11.37,59,-1.73,0.69,-8.04,-2.07,-0.0882,10.84,49,"v1","Baseline (40/40/20)","2026-03-16"
"Yale",5,59,11.8,5,63,12.6,5,63,77,140,0.45,5,4,6,0.667,5,10,14,0.286,3,2,0.6,5,59,63,-0.8,5,35,7,5,58,11.6,5,59,35,94,18.8,5,149,29.8,5,92,18.4,5,44,8.8,5,59,185,0.319,5,91,110,0.827,2026,2026-03-16,51,51,0.5,NA,NA,13,NA,"Ivy League",6,2.15,5.19,-3.66,15,-0.56,-5.86,-3.01,-2.77,0.1735,12.2,54,"v1","Baseline (40/40/20)","2026-03-16"